date,empl,pce,ppce,ipm,ebp_oa,lmret,ffr_eff,lmarket,BBD
1/1/1973,1103.38,811.2983295,325.8134999,364.4846936,0.083786684,-2.783858247,6.5,-2.783858247,
2/1/1973,1103.98,811.9103816,326.3351935,366.142055,0.052134423,-7.322092835,7.5,-7.322092835,
3/1/1973,1104.36,812.0460842,327.0405091,366.2970662,-0.052325484,-8.110287444,7.375,-8.110287444,
4/1/1973,1104.58,811.6551432,327.7936872,366.1490583,-0.105488004,-13.42493586,7.625,-13.42493586,
5/1/1973,1104.82,811.8710648,328.2789151,366.8066119,-0.015975554,-15.90572351,8.125,-15.90572351,
6/1/1973,1105.11,811.6243872,328.855113,366.755772,0.057216148,-16.77421631,8.875,-16.77421631,
7/1/1973,1105.16,812.4203935,329.2163461,367.2318355,-0.36788628,-11.2351128,11.22,-11.2351128,
8/1/1973,1105.50,811.1796081,330.3547801,366.9504466,-0.230568342,-14.24471849,11.22,-14.24471849,
9/1/1973,1105.70,812.6349665,330.7545826,367.8925618,-0.321916632,-8.991416729,10.82,-8.991416729,
10/1/1973,1106.08,811.9508735,331.3167304,368.7289825,0.151506638,-9.034093404,10.61,-9.034093404,
11/1/1973,1106.47,812.1337762,332.1360208,369.4642339,0.044840625,-21.89737159,10.34,-21.89737159,
12/1/1973,1106.61,811.2917376,332.9558155,369.5137725,-0.009325101,-20.76130138,9.83,-20.76130138,
1/1/1974,1106.69,811.250678,333.907372,368.6146853,-0.043364781,-20.32147673,9.31,-20.32147673,
2/1/1974,1106.85,810.6788906,335.0640658,368.2140516,0.177234902,-20.08659828,8.87,-20.08659828,
3/1/1974,1106.89,810.8340351,336.2213974,368.148817,-0.123033278,-22.45085487,9.95,-22.45085487,
4/1/1974,1106.96,811.1586073,336.9259418,367.7684904,0.018774937,-27.15548952,11,-27.15548952,
5/1/1974,1107.17,811.4453366,337.9019937,368.3863163,0.037553643,-31.44430853,11.64,-31.44430853,
6/1/1974,1107.23,811.1994048,338.7470261,368.5342669,0.602297526,-33.76528194,13.31,-33.76528194,
7/1/1974,1107.20,811.5210014,339.4877453,368.3179593,1.093177989,-41.11690559,12.06,-41.11690559,
8/1/1974,1107.12,812.2570096,340.5255802,367.500445,0.654096957,-50.30172533,11.6,-50.30172533,
9/1/1974,1106.96,811.2476803,341.5593262,367.7010399,0.739296591,-61.92346028,11.11,-61.92346028,
10/1/1974,1106.89,810.9675979,342.276316,366.9246011,0.797077497,-46.60116675,9.66,-46.60116675,
11/1/1974,1106.24,809.9028788,343.0270629,363.7884413,0.841187855,-50.79244025,9.47,-50.79244025,
12/1/1974,1105.24,809.6997113,343.8139861,359.0967046,0.948520652,-53.53003064,3.87,-53.53003064,
1/1/1975,1104.57,810.4996477,344.4352652,357.0392774,0.291884217,-40.2869782,6.76,-40.2869782,
2/1/1975,1103.77,811.3630273,344.9797051,354.1327284,0.368796054,-34.61005922,6.07,-34.61005922,
3/1/1975,1103.32,811.1526063,345.3188766,352.8205762,0.512582761,-31.63567974,5.39,-31.63567974,
4/1/1975,1102.95,811.2743568,345.6600552,352.6283865,0.159561792,-27.09087069,7.03,-27.09087069,
5/1/1975,1103.16,813.258016,346.0629135,352.5653379,0.320599483,-21.72354748,5.23,-21.72354748,
6/1/1975,1103.06,813.406573,346.686027,353.437982,0.213032369,-16.70433796,5.97,-16.70433796,
7/1/1975,1103.34,813.8141166,347.540773,355.0068786,0.352295815,-22.93283246,6.23,-22.93283246,
8/1/1975,1103.95,814.0685734,347.9731259,355.8861318,0.268119979,-25.31672062,6.13,-25.31672062,
9/1/1975,1104.14,814.3174423,348.4680319,357.5935056,0.281021146,-29.19184608,6.22,-29.19184608,
10/1/1975,1104.51,814.3017426,349.0489489,358.0806162,0.10165577,-23.75657203,5.65,-23.75657203,
11/1/1975,1104.73,815.0496771,349.6871132,358.3991435,0.200095613,-20.68198753,5.29,-20.68198753,
12/1/1975,1105.20,816.0003829,350.2399262,359.7171608,-0.028526093,-21.78787296,5.37,-21.78787296,
1/1/1976,1105.94,816.9959255,350.6187829,361.0873688,-0.074069247,-9.919725319,4.84,-9.919725319,
2/1/1976,1106.41,816.9183453,350.7477474,362.5857637,0.007610052,-9.190943894,4.89,-9.190943894,
3/1/1976,1106.76,817.4156254,350.8974974,362.7895825,-0.023501761,-6.546298961,5.07,-6.546298961,
4/1/1976,1107.14,818.125881,351.1276746,363.4483689,0.025434583,-7.590613998,5.1,-7.590613998,
5/1/1976,1107.19,817.410834,351.5983338,363.9587806,-0.013051877,-8.531905176,5.67,-8.531905176,
6/1/1976,1107.31,818.5481207,352.0342452,363.9869846,0.063333322,-4.179297577,5.71,-4.179297577,
7/1/1976,1107.52,818.8394637,352.5389465,364.7175233,0.057812722,-4.796911994,5.32,-4.796911994,
8/1/1976,1107.75,819.0215736,353.0879709,365.3279556,-0.026769301,-4.940527872,5.31,-4.940527872,
9/1/1976,1108.09,819.3986181,353.6485564,365.5585397,-0.035603747,-2.521602206,5.31,-2.521602206,
10/1/1976,1108.02,819.5615085,354.1712663,365.5015443,0.007769183,-4.579917929,5.02,-4.579917929,
11/1/1976,1108.47,820.1347556,354.622082,366.7805631,-0.179838747,-4.044913533,4.69,-4.044913533,
12/1/1976,1108.79,821.4475989,355.177024,367.8332268,0.03827406,1.931956264,4.17,1.931956264,
1/1/1977,1109.19,821.1480201,355.7460115,367.5830751,-0.180955865,-1.769414055,4.65,-1.769414055,
2/1/1977,1109.64,821.6976893,356.5241814,369.2931736,-0.090747694,-3.357957866,4.73,-3.357957866,
3/1/1977,1110.26,821.765174,357.0208524,370.7436276,0.040990795,-4.286905656,4.72,-4.286905656,
4/1/1977,1110.73,821.9121332,357.6046646,371.8021318,0.01263941,-3.792879179,5.12,-3.792879179,
5/1/1977,1111.18,822.1949267,358.1127192,372.6851654,-0.094579478,-4.877286681,5.47,-4.877286681,
6/1/1977,1111.66,822.159722,358.6680602,373.5379345,-0.158055708,0.131816515,5.64,0.131816515,
7/1/1977,1112.04,822.9684437,359.1927928,373.5523855,-0.081381483,-1.157440806,5.86,-1.157440806,
8/1/1977,1112.35,822.9124378,359.6572261,374.0317977,-0.144859528,-2.501645898,6.03,-2.501645898,
9/1/1977,1112.92,823.225402,360.0376056,374.1593747,-0.091442351,-2.344380325,6.46,-2.344380325,
10/1/1977,1113.21,824.0551285,360.5035782,374.4527859,-0.111084144,-6.351644319,6.6,-6.351644319,
11/1/1977,1113.69,824.6643518,361.0809799,374.5605487,-0.094187915,-1.908657129,6.56,-1.908657129,
12/1/1977,1114.00,824.8662554,361.5717188,375.6537622,-0.247264996,-1.090201533,6.53,-1.090201533,
1/1/1978,1114.16,823.7963298,362.1697442,374.1751519,-0.243735612,-6.76865379,6.79,-6.76865379,
2/1/1978,1114.59,825.2459121,362.6445384,374.5259933,-0.242940956,-7.700440672,6.83,-7.700440672,
3/1/1978,1115.24,826.2401582,363.2943822,376.2692427,-0.226614075,-4.355710653,6.97,-4.355710653,
4/1/1978,1116.15,826.8380488,364.0476715,377.8186165,-0.177934919,3.603073155,7.25,3.603073155,
5/1/1978,1116.58,827.2358581,364.7614653,378.2304145,-0.121764224,5.900306531,7.43,5.900306531,
6/1/1978,1117.18,827.559795,365.4132718,379.0397909,-0.366904024,4.819401746,8.01,4.819401746,
7/1/1978,1117.47,827.0842424,365.9605111,378.9633582,-0.259231605,10.33915439,8,10.33915439,
8/1/1978,1117.87,827.9803646,366.4663603,379.5430243,-0.306580712,14.48715971,8.4,14.48715971,
9/1/1978,1118.16,827.820985,367.0359004,380.1044901,-0.238564549,13.79570435,8.9,13.79570435,
10/1/1978,1118.58,827.9905076,367.8273408,380.8461044,-0.457059321,2.030203714,9.35,2.030203714,
11/1/1978,1119.13,828.3516865,368.3917162,381.7527371,-0.215805411,5.353577755,9.94,5.353577755,
12/1/1978,1119.50,828.94767,368.8604416,382.5238422,-0.368333796,7.109124462,10.84,7.109124462,
1/1/1979,1119.65,828.5843562,369.6053658,381.6660239,-0.236785688,11.93945093,10.57,11.93945093,
2/1/1979,1119.97,829.067144,370.1351356,382.0704808,-0.30197294,9.22639105,10.24,9.22639105,
3/1/1979,1120.54,829.1656779,370.9123161,382.5222051,-0.10202967,15.58183538,10.07,15.58183538,
4/1/1979,1120.42,828.607039,371.9457155,380.9545086,-0.177938979,16.43042426,10.43,16.43042426,
5/1/1979,1120.91,828.8919001,372.9733448,382.179356,-0.269277074,15.06352866,10.31,15.06352866,
6/1/1979,1121.27,829.1516434,373.7931489,382.3384724,-0.160995535,19.64210087,10.54,19.64210087,
7/1/1979,1121.27,829.0581132,374.547243,382.3797584,-0.221920862,21.13011285,10.81,21.13011285,
8/1/1979,1121.27,830.1367797,375.3097611,381.0375531,-0.31511837,27.40208623,11.29,27.40208623,
9/1/1979,1121.45,830.3928186,376.1874307,381.3424575,-0.086944799,27.54481033,12.16,27.54481033,
10/1/1979,1121.65,830.063789,376.9975453,381.6951608,-0.912920607,20.00134638,14.82,20.00134638,
11/1/1979,1121.72,830.3242258,377.6867437,381.3562926,-0.162666935,26.16752511,13.96,26.16752511,
12/1/1979,1121.84,830.0282674,378.5211839,381.6680396,0.132277682,28.94969241,14.77,28.94969241,
1/1/1980,1121.99,830.8250824,379.5579073,382.0752092,-0.099544352,35.30413919,13.4,35.30413919,
2/1/1980,1122.06,829.9842827,380.6329101,382.0108643,-0.585807399,35.40555025,16.33,35.40555025,
3/1/1980,1122.12,829.1654274,381.8481261,381.2704443,0.260605282,22.59674395,19.85,22.59674395,
4/1/1980,1121.54,827.8864934,382.3716244,379.1163871,-0.733181674,27.69338815,14.64,27.69338815,
5/1/1980,1121.13,827.3946418,383.1485175,375.9291019,0.023881205,33.52877577,11.06,33.52877577,
6/1/1980,1120.71,827.8593304,383.7751943,374.3628648,-0.082182251,37.23081192,10.44,37.23081192,
7/1/1980,1120.39,828.713076,384.5434384,373.3237414,0.096727113,43.94415831,9.93,43.94415831,
8/1/1980,1120.75,828.8217667,385.3736897,373.9933135,-0.037940086,46.27216766,10.74,46.27216766,
9/1/1980,1121.01,828.8288074,386.2937798,375.6540368,-0.071969769,49.17929425,13.19,49.17929425,
10/1/1980,1121.32,830.0471476,387.0888462,377.5369257,-0.29772167,51.16863598,13.77,51.16863598,
11/1/1980,1121.65,829.7705449,387.8983151,379.4157825,0.26726731,61.14875309,18.56,61.14875309,
12/1/1980,1121.94,830.4982162,388.5432593,379.6926544,-0.099254585,57.64723525,22,57.64723525,
1/1/1981,1122.08,830.5706435,389.5019258,379.3849392,0.328693985,53.5561479,17.25,53.5561479,
2/1/1981,1122.19,830.3442885,390.5078951,378.8400042,0.10606525,55.09636246,15.53,55.09636246,
3/1/1981,1122.40,830.637339,391.2023005,379.1817718,-0.036798407,59.61124529,14.63,59.61124529,
4/1/1981,1122.55,830.2622785,391.6313787,379.7127673,0.502659099,58.47808016,18.92,58.47808016,
5/1/1981,1122.64,830.2895401,392.0784511,380.1858974,0.26548871,59.82405612,17.56,59.82405612,
6/1/1981,1122.95,830.9445513,392.4741778,379.6540836,0.425845491,58.79453671,18.64,58.79453671,
7/1/1981,1123.08,830.7180551,393.0746619,379.8246446,0.412247516,58.48610675,17.46,58.48610675,
8/1/1981,1123.12,831.329574,393.6930229,379.913314,0.239736153,52.69363814,16.83,52.69363814,
9/1/1981,1123.11,830.6506727,394.2940108,379.3767371,0.394449849,46.10398505,16.58,46.10398505,
10/1/1981,1122.93,830.0968152,394.7448063,378.414536,0.569922818,51.94611904,14.44,51.94611904,
11/1/1981,1122.64,829.8795859,395.2742595,377.1333878,0.154978222,56.42899663,12.44,56.42899663,
12/1/1981,1122.27,830.459138,395.5791056,375.368003,0.541106506,53.57917112,13.13,53.57917112,
1/1/1982,1121.88,830.2498845,396.1650914,372.9452059,0.755708632,50.92327743,14.21,50.92327743,
2/1/1982,1121.91,831.143759,396.4634431,375.6245478,0.452267798,45.67533136,13.74,45.67533136,
3/1/1982,1121.72,831.0417454,396.7154923,374.8019168,0.907547517,44.66027505,16.8,44.66027505,
4/1/1982,1121.36,831.1287707,396.7646909,374.148529,0.695475731,48.89594835,15.28,48.89594835,
5/1/1982,1121.31,831.4611783,397.3531942,373.9948761,0.710659266,46.03417547,13.38,46.03417547,
6/1/1982,1120.96,830.9507056,398.0727835,373.8281483,0.64093241,43.613914,14.58,43.613914,
7/1/1982,1120.67,831.5661904,398.6629425,373.7365357,0.608624944,41.53990639,11.41,41.53990639,
8/1/1982,1120.40,831.6713367,398.9706008,372.8346021,-0.128632574,52.78464681,10.63,52.78464681,
9/1/1982,1120.16,832.5967309,399.249639,372.567952,0.470375657,54.44680608,12.17,54.44680608,
10/1/1982,1119.74,833.062021,399.8108954,371.3909409,0.117832711,65.65778786,9.41,65.65778786,
11/1/1982,1119.54,833.8783971,400.1150475,370.6864101,0.497122895,70.72088142,8.93,70.72088142,
12/1/1982,1119.51,834.3082632,400.2759104,370.3135177,0.699827677,72.16204755,11.2,72.16204755,
1/1/1983,1119.76,834.3989144,400.7642228,372.7610479,0.330961834,76.26186369,8.56,76.26186369,
2/1/1983,1119.68,834.3587144,400.9403767,372.6908156,0.270873288,79.23894847,8.53,79.23894847,
3/1/1983,1119.92,835.3855103,401.0763658,373.6828461,0.218980457,82.64746681,10.81,82.64746681,
4/1/1983,1120.32,835.9757789,401.5301355,374.8361876,0.121430441,89.8039472,8.84,89.8039472,
5/1/1983,1120.67,836.5476879,401.8165215,376.1390365,-0.078874452,91.11771831,8.94,91.11771831,
6/1/1983,1121.16,837.4917392,402.189931,376.9125461,0.089254888,94.83163371,10.06,94.83163371,
7/1/1983,1121.74,838.1561309,402.7527893,378.4235482,-0.078912553,91.62403594,9.52,91.62403594,
8/1/1983,1121.32,838.4121122,403.1812915,379.1536973,-0.181045686,91.96980198,9.59,91.96980198,
9/1/1983,1122.78,838.6749598,403.5302022,381.0974643,-0.050140072,93.56291724,10.59,93.56291724,
10/1/1983,1123.21,839.4661649,403.7033196,382.2088564,-0.068434964,90.71793366,9.43,90.71793366,
11/1/1983,1123.66,839.6906274,403.8461805,382.5593026,0.044913525,93.63068614,9.34,93.63068614,
12/1/1983,1124.11,840.7860352,403.9008017,382.9093836,0.127412542,92.57872538,9.92,92.57872538,
1/1/1984,1124.70,841.4298522,404.3314391,384.7605812,0.055079906,91.2678863,9.35,91.2678863,
2/1/1984,1125.30,840.1128928,404.9992037,385.8754331,-0.053606347,87.28218819,9.45,87.28218819,
3/1/1984,1125.65,840.9516663,405.3262117,386.3314963,0.027150244,88.61223078,10.24,88.61223078,
4/1/1984,1126.06,841.6430976,405.7075277,386.8411728,0.144285919,88.86528303,10.9,88.86528303,
5/1/1984,1126.42,842.213278,405.8337347,387.1162596,-0.292407212,83.48911551,10.81,83.48911551,
6/1/1984,1126.87,842.8919199,406.0132618,387.5856247,-0.009883847,85.80072183,10.85,85.80072183,
7/1/1984,1127.21,842.5031849,406.3713519,388.0445118,-0.124002861,83.71704937,11.83,83.71704937,
8/1/1984,1127.45,842.9085213,406.6802059,388.2139766,0.220051931,94.39496526,11.64,94.39496526,
9/1/1984,1127.81,843.6371347,406.8188796,387.9801014,-0.020993274,94.43539521,11.23,94.43539521,
10/1/1984,1128.15,843.3194001,407.0546966,388.3465407,-0.238285428,94.42801229,9.99,94.42801229,
11/1/1984,1128.54,844.7557971,407.1979655,388.6775898,-0.070947926,93.35376284,8.92,93.35376284,
12/1/1984,1128.73,844.9130601,407.4838891,389.043385,-0.00167268,95.69178778,8.74,95.69178778,
1/1/1985,1129.00,845.8052343,407.9129396,388.6217391,-0.076290555,103.9159167,8.73,103.9159167,113.0839462
2/1/1985,1129.14,846.1724878,408.3148789,388.2554312,-0.097690259,105.5913997,8.74,105.5913997,89.85649872
3/1/1985,1129.51,846.0790022,408.6799503,389.0031718,0.136199875,105.4165685,8.58,105.4165685,100.3992538
4/1/1985,1129.71,846.3632064,408.837679,388.6204353,-0.03271071,105.1976968,8.58,105.1976968,92.89038086
5/1/1985,1130.00,847.5101641,409.0453669,388.8104374,-0.196115373,110.6252147,7.64,110.6252147,108.6083603
6/1/1985,1130.15,846.9852077,409.2526243,388.9758383,0.214336275,112.3199113,7.95,112.3199113,118.7177582
7/1/1985,1130.23,847.7181285,409.4177882,388.3538002,0.135928454,112.2947979,8.61,112.2947979,114.9638748
8/1/1985,1130.47,848.7265801,409.714065,388.9798287,0.14769234,111.8140973,7.8,111.8140973,113.7478333
9/1/1985,1130.69,850.1033321,409.9033552,389.1100531,0.251927339,107.7500744,8.84,107.7500744,113.7575989
10/1/1985,1130.90,848.5617897,410.1287074,388.8677375,0.296449175,112.0982931,8.08,112.0982931,105.1631393
11/1/1985,1131.14,848.8390343,410.4624872,389.5524784,0.290517057,118.7919786,8.54,118.7919786,112.0784607
12/1/1985,1131.32,849.9326529,410.8083088,389.9706919,0.032972436,123.0079839,13.46,123.0079839,121.0529404
1/1/1986,1131.44,850.0140619,411.243003,391.0899369,0.339356868,123.9861269,8.09,123.9861269,139.0506134
2/1/1986,1131.52,849.76107,411.2511866,390.5344506,-0.285504227,130.9853679,7.95,130.9853679,145.5428619
3/1/1986,1131.64,850.1047549,411.0660727,390.2625744,0.587377919,136.2336948,8.06,136.2336948,146.1367798
4/1/1986,1131.85,850.7330717,410.9298854,390.4554122,0.546059776,135.4405608,7.05,135.4405608,138.3742065
5/1/1986,1131.97,851.3466255,411.1856987,390.5986144,0.028515457,140.399885,6.84,140.399885,117.1458664
6/1/1986,1131.87,851.1410504,411.6318034,390.2494844,0.020235245,141.8143866,7.72,141.8143866,109.0481644
7/1/1986,1132.26,851.8098781,411.7360974,390.8794214,0.775524895,135.6587049,6.35,135.6587049,116.81073
8/1/1986,1132.37,852.3004274,411.9232278,391.0908935,0.710377138,142.0670164,5.77,142.0670164,113.7085266
9/1/1986,1132.66,854.4736371,412.2899625,391.28486,0.314538044,133.8352043,6.9,133.8352043,117.2859726
10/1/1986,1132.81,852.990209,412.4841436,391.6754754,0.547292843,138.6478292,5.93,138.6478292,100.7642899
11/1/1986,1132.99,852.669986,412.7134385,392.1402883,0.672538997,140.1458418,6.03,140.1458418,103.5136871
12/1/1986,1133.22,854.8558129,412.9325531,393.0363994,0.703288516,137.471579,14.35,137.471579,98.67260742
1/1/1987,1133.39,852.3576773,413.5678426,392.7189825,0.558166243,149.5601828,6.28,149.5601828,115.6527481
2/1/1987,1133.68,854.2330583,413.9429458,394.1713762,0.63431258,154.2407148,6.02,154.2407148,104.6418762
3/1/1987,1133.94,854.356829,414.1832291,394.2199502,0.52196199,156.5795896,6.23,156.5795896,116.2887802
4/1/1987,1134.29,854.8434073,414.4895081,394.7816374,-0.389681385,154.8649188,7.63,154.8649188,110.8596878
5/1/1987,1134.56,854.9149118,414.7189985,395.5427735,0.257058076,155.3760756,6.63,155.3760756,110.0429306
6/1/1987,1134.74,855.3440257,415.1165882,395.9371345,0.242271132,159.6496151,6.56,159.6496151,121.1579132
7/1/1987,1135.11,855.8321699,415.4011863,396.6629736,0.484341748,163.9792959,6.75,163.9792959,106.3480225
8/1/1987,1135.29,856.5990975,415.8304791,397.1492677,0.46869213,167.6266016,6.95,167.6266016,74.83798218
9/1/1987,1135.61,856.1313421,416.1722798,397.7650182,0.490350203,165.5273374,8.38,165.5273374,78.98140717
10/1/1987,1136.02,856.0641494,416.4663221,399.5042962,-0.854765298,139.9912628,6.62,139.9912628,143.6030579
11/1/1987,1136.26,856.1807028,416.6572196,400.0613819,0.262863069,132.4895245,7.19,132.4895245,155.4220428
12/1/1987,1136.54,856.9432638,416.8616807,400.7160929,0.00345877,139.2859081,6.89,139.2859081,135.4726257
1/1/1988,1136.63,857.8045552,417.287844,400.5102178,-0.186344138,143.6761519,6.79,143.6761519,131.5214386
2/1/1988,1137.13,857.9021794,417.4556486,400.7443681,0.227315307,148.716443,6.67,148.716443,116.5843277
3/1/1988,1137.38,858.7629288,417.7996135,401.0988589,-0.050973705,147.0427557,6.83,147.0427557,105.0524521
4/1/1988,1137.65,858.3553802,418.2706416,401.9851402,-0.00124658,148.1358426,6.98,148.1358426,113.6559677
5/1/1988,1137.88,858.9928651,418.5555442,401.8863506,0.047584279,148.1806111,7.48,148.1806111,96.14570618
6/1/1988,1138.25,859.3103681,418.9851692,402.0728492,0.092600411,153.1985529,8.27,153.1985529,89.78249359
7/1/1988,1138.53,859.5329468,419.4808107,402.1785182,-0.233768113,152.4686997,7.84,152.4686997,85.18196869
8/1/1988,1138.61,859.9795697,419.7743155,402.2179287,-0.014922408,149.6281473,8.14,149.6281473,100.1584396
9/1/1988,1138.90,859.7022338,420.2391466,402.5215122,0.147885773,153.2808504,8.54,153.2808504,94.55407715
10/1/1988,1139.16,860.5253518,420.5364036,403.0386016,0.238954706,155.0291404,8.39,155.0291404,102.2307663
11/1/1988,1139.45,860.7801425,420.7583958,403.3288931,0.102167336,153.3743194,8.5,153.3743194,113.9599152
12/1/1988,1139.79,861.3255815,421.0867545,403.7479699,0.230529172,155.4598845,9.04,155.4598845,99.66635132
1/1/1989,1140.04,861.5002065,421.6296673,404.5673842,0.138468152,161.8608405,9.14,161.8608405,105.0753937
2/1/1989,1140.29,861.2926918,421.9845883,403.5977996,-0.004800384,160.2025272,9.87,160.2025272,84.84487152
3/1/1989,1140.49,861.229244,422.3558314,403.4827282,0.281351436,162.3263368,9.79,162.3263368,97.21569061
4/1/1989,1140.66,861.8190803,423.0054829,403.6829698,0.507309075,167.034203,9.82,167.034203,108.8630676
5/1/1989,1140.75,861.7065675,423.3497624,402.7953505,0.228856766,170.8926089,10.48,170.8926089,87.81603241
6/1/1989,1140.84,861.909433,423.5482369,403.0578861,0.409718191,170.4048069,9.63,170.4048069,94.83973694
7/1/1989,1140.90,862.2201645,423.7708705,401.8843949,0.644699955,177.8348843,8.94,177.8348843,84.56993103
8/1/1989,1140.85,863.18353,423.7723145,402.7809972,0.352893545,180.02343,8.92,180.02343,95.86038971
9/1/1989,1141.09,863.0016392,423.9915686,402.6077338,0.374578673,179.875885,9.24,179.875885,90.91821289
10/1/1989,1141.20,862.9344398,424.3841573,402.4003626,0.276296563,176.9040275,8.89,176.9040275,91.59670258
11/1/1989,1141.48,862.9871665,424.6106677,402.5708838,0.466086341,178.6698841,8.6,178.6698841,107.8491211
12/1/1989,1141.57,863.812327,424.9095062,402.6540863,0.407959576,180.4828619,7.97,180.4828619,107.0952377
1/1/1990,1141.85,864.3208912,425.6789322,402.4135716,0.122255698,173.213408,8.26,173.213408,100.3591766
2/1/1990,1142.10,863.821542,426.1510179,403.9156002,0.242709556,174.6925111,8.29,174.6925111,89.59091949
3/1/1990,1142.21,864.167728,426.582984,404.4381402,0.350048204,177.0778406,8.3,177.0778406,86.06524658
4/1/1990,1142.16,864.3531526,426.8675949,404.1750918,-0.030162355,174.2084773,8.23,174.2084773,76.66166687
5/1/1990,1142.08,864.2916178,427.1513981,404.3615186,-0.071689987,182.7285937,8.23,182.7285937,118.5379486
6/1/1990,1142.15,864.6066502,427.6124306,404.6686991,0.037004503,182.3080852,8.32,182.3080852,120.526741
7/1/1990,1142.10,864.8221454,427.8456183,404.4508687,0.007648525,181.3631578,8.05,181.3631578,111.5696259
8/1/1990,1141.99,864.8465284,428.4937373,404.7662151,-0.270070295,171.7235462,8.06,171.7235462,142.1652374
9/1/1990,1141.91,864.7928428,429.095247,404.8036111,-0.050515036,166.1888467,8.03,166.1888467,157.695282
10/1/1990,1141.73,864.2365746,429.6618517,403.9704655,0.100433889,164.9305655,9.52,164.9305655,141.1195221
11/1/1990,1141.56,864.1488311,429.8033426,402.8037028,0.259976829,171.2978417,7.61,171.2978417,145.2909241
12/1/1990,1141.48,863.7954898,429.9283409,402.0068939,0.193086233,174.2063952,5.53,174.2063952,134.4851074
1/1/1991,1141.34,862.901002,430.3578488,401.2387636,0.221343016,178.9975492,8.18,178.9975492,175.6585693
2/1/1991,1140.99,863.5308616,430.4497432,400.6098072,0.140539328,186.3083546,6.99,186.3083546,115.2134628
3/1/1991,1140.81,864.7026003,430.498359,399.9888837,0.095218727,189.1595908,5.53,189.1595908,116.0257111
4/1/1991,1140.58,864.3776502,430.6858485,400.2647084,0.092632394,189.4912536,5.98,189.4912536,107.241684
5/1/1991,1140.42,864.6279218,431.1148058,401.0223562,0.107033137,193.4836482,5.92,193.4836482,94.75867462
6/1/1991,1140.45,864.6396983,431.3105189,402.1803632,0.033244085,188.980852,6.74,188.980852,96.93759918
7/1/1991,1140.35,865.1169735,431.5031766,402.442327,0.115996075,193.5541749,5.85,193.5541749,93.53157806
8/1/1991,1140.41,864.9639746,431.7621438,402.6769527,0.075224848,196.2007774,5.5,196.2007774,100.5955276
9/1/1991,1140.47,865.0154672,432.1227779,403.7739481,0.089255435,195.0972246,5.6,195.0972246,117.0477905
10/1/1991,1140.44,864.6221209,432.3191816,403.5557064,0.086250521,196.8604539,5.23,196.8604539,105.54142
11/1/1991,1140.33,865.1010543,432.5681126,403.3613843,0.096389521,193.0616785,4.86,193.0616785,122.2491074
12/1/1991,1140.35,865.2803921,432.8691784,403.2467763,0.028323354,203.2070148,4.09,203.2070148,139.999054
1/1/1992,1140.35,866.7254952,433.0812285,402.616588,-0.039404755,203.0887107,4.4,203.0887107,109.2008286
2/1/1992,1140.28,866.8388652,433.3781322,403.6362359,-0.012705877,204.4153064,4.13,204.4153064,125.5367203
3/1/1992,1140.31,867.0204365,433.641454,404.6067278,-0.037613956,202.0168101,4.07,202.0168101,91.70579529
4/1/1992,1140.46,867.1060402,433.9040842,405.1672352,-0.014777302,203.3497705,3.85,203.3497705,87.58227539
5/1/1992,1140.58,867.6223944,434.0397022,405.7700045,-0.096223291,203.9915615,3.8,203.9915615,96.87494659
6/1/1992,1140.64,867.8978652,434.2284786,406.1068783,-0.14830622,202.0440286,4.53,202.0440286,122.349144
7/1/1992,1140.66,868.2349939,434.5738617,406.9511418,-0.233214341,205.9564822,3.37,205.9564822,120.9149094
8/1/1992,1140.74,868.4874771,434.7059861,406.5425539,-0.063022636,203.8525387,3.51,203.8525387,115.907486
9/1/1992,1140.85,869.1358241,434.8521556,406.6161604,0.010872756,205.0895777,4.47,205.0895777,127.0195999
10/1/1992,1141.04,869.470989,435.1696285,407.334479,0.000844219,206.1821395,3.04,206.1821395,138.521759
11/1/1992,1141.18,869.6393215,435.3292742,407.7554011,0.050781747,210.1227706,3.45,210.1227706,118.7768478
12/1/1992,1141.38,870.2962132,435.4668285,407.547766,0.082531501,211.8840044,2.66,211.8840044,106.8679199
1/1/1993,1141.70,870.1512751,435.6683185,408.5735535,0.034527293,213.1404174,3.02,213.1404174,102.5303268
2/1/1993,1141.96,870.3352375,435.7836396,408.7230595,-0.011057537,213.6791911,3.18,213.6791911,119.9625168
3/1/1993,1141.90,870.0654099,435.9525369,408.519,0.001173195,216.1597395,3.83,216.1597395,121.5578384
4/1/1993,1142.20,870.7286139,436.1836682,409.076927,0.005890062,213.5868816,3.01,213.5868816,109.2568283
5/1/1993,1142.48,871.0721715,436.4575241,409.011532,-0.009421117,216.5037357,3.02,216.5037357,133.5896301
6/1/1993,1142.65,871.4299907,436.4600681,408.8236908,-0.091328868,217.046263,3.92,217.046263,126.0487595
7/1/1993,1142.88,871.9188282,436.5922659,409.117799,-0.098057671,216.9667386,3.07,216.9667386,117.5844803
8/1/1993,1143.09,872.0186279,436.738243,409.0352958,-0.125941471,220.838656,3.19,220.838656,106.0323181
9/1/1993,1143.34,872.588725,436.8244597,409.7106121,-0.03757055,220.9027031,3.99,220.9027031,106.2746429
10/1/1993,1143.64,872.7493014,437.12058,410.5608675,-0.111100485,222.6930081,3.03,222.6930081,84.48764801
11/1/1993,1143.90,873.0341355,437.3061568,410.9708765,-0.16932232,220.9166886,3.16,220.9166886,84.55658722
12/1/1993,1144.19,873.3887189,437.3439874,411.5432127,-0.199949556,222.8491683,2.85,222.8491683,77.52030945
1/1/1994,1144.43,873.6641925,437.4070065,411.7433492,-0.269366922,225.9472891,3.68,225.9472891,80.00978851
2/1/1994,1144.65,874.4601237,437.6448606,411.9119516,-0.460003861,223.4950828,3.49,223.4950828,94.59268951
3/1/1994,1145.10,874.4649031,437.9047201,413.2590189,-0.351985321,218.8074323,4.18,218.8074323,87.00630951
4/1/1994,1145.44,874.8877764,437.9974531,414.1175031,-0.321618182,219.7507372,3.73,219.7507372,100.4163437
5/1/1994,1145.75,874.7104192,438.1413947,414.850322,-0.321480799,220.682405,4.6,220.682405,96.52728271
6/1/1994,1146.06,875.3112386,438.4124433,415.1970552,-0.366089431,217.8518511,5.96,217.8518511,92.379776
7/1/1994,1146.42,875.2483472,438.7809879,415.6618151,-0.325186731,220.8691921,4.29,220.8691921,85.37094879
8/1/1994,1146.72,875.9127093,439.0441133,416.4266408,-0.297688198,225.0406992,4.7,225.0406992,92.8260498
9/1/1994,1147.06,876.0619255,439.1642751,416.8280105,-0.43066857,223.1873146,5.44,223.1873146,90.63001251
10/1/1994,1147.27,876.677768,439.3176741,417.9149787,-0.327989179,224.628873,4.9,224.628873,76.49899292
11/1/1994,1147.68,876.7461517,439.5078586,418.7231771,-0.30489432,220.8359641,5.66,220.8359641,91.77527618
12/1/1994,1147.94,877.0154929,439.592954,419.8477289,-0.254140601,222.0890096,4.94,222.0890096,91.79498291
1/1/1995,1148.26,877.0161141,439.8207515,420.0675502,-0.273589949,224.10835,5.86,224.10835,107.9549103
2/1/1995,1148.47,876.8434284,440.0136654,419.8673825,-0.326991662,227.9933683,6.1,227.9933683,86.32304382
3/1/1995,1148.68,877.3760687,440.2000816,420.1151319,-0.329700908,230.6615457,6.3,230.6615457,78.09660339
4/1/1995,1148.83,877.2177987,440.4595042,420.0388441,-0.259636575,233.1354976,6.06,233.1354976,65.99177551
5/1/1995,1148.84,877.9411291,440.6097103,420.1342505,-0.401104914,236.479657,6.17,236.479657,74.70236206
6/1/1995,1149.05,878.7467626,440.7097225,420.6218277,-0.186333663,239.5493492,6.11,239.5493492,79.67355347
7/1/1995,1149.13,878.4785305,440.8449457,420.0223195,-0.346393212,243.5466403,5.97,243.5466403,83.0381012
8/1/1995,1149.42,878.9689035,441.0638387,421.2322092,-0.248299056,244.4727918,5.93,244.4727918,66.76376343
9/1/1995,1149.67,879.2042272,441.1318411,422.099955,-0.206606569,248.0444644,6.2,248.0444644,75.22517395
10/1/1995,1149.79,878.8178648,441.377963,422.0300897,-0.177506619,246.9063342,5.97,246.9063342,80.62604523
11/1/1995,1149.94,879.6450878,441.377963,422.1283224,-0.094139926,251.088444,6.11,251.088444,90.53282166
12/1/1995,1150.07,880.2809632,441.5799845,422.5769106,-0.086283871,252.5960779,4.73,252.5960779,84.34723663
1/1/1996,1150.06,879.8338445,441.8225961,421.8060967,-0.11539077,255.3715985,5.71,255.3715985,90.6631546
2/1/1996,1150.47,880.5991141,441.986418,423.4265611,-0.330212498,256.9894425,6.05,256.9894425,75.83460999
3/1/1996,1150.69,881.0820556,442.2784627,423.1786981,-0.341133917,258.0762127,5.25,258.0762127,72.65242004
4/1/1996,1150.87,881.4603788,442.5648705,424.2650751,-0.295276713,260.5952938,5.5,260.5952938,69.19064331
5/1/1996,1151.18,881.5871582,442.731066,424.9977571,-0.328739873,263.2400302,5.31,263.2400302,69.42778778
6/1/1996,1151.46,881.7117027,442.7382336,426.1367258,-0.30496659,262.4067736,5,262.4067736,81.17969513
7/1/1996,1151.67,881.9192284,442.9697125,426.4509127,-0.37374562,256.8746868,6.75,256.8746868,73.61083221
8/1/1996,1151.91,882.2605156,443.0792989,427.0532643,-0.437591354,260.0694426,5.28,260.0694426,83.65825653
9/1/1996,1152.07,882.3817227,443.3563025,427.7303357,-0.42486186,265.2355646,6.09,265.2355646,77.97561646
10/1/1996,1152.33,882.6733131,443.6502983,427.6469052,-0.381078482,266.6001289,5.63,266.6001289,64.195961
11/1/1996,1152.61,882.9281982,443.8442412,428.4270956,-0.34901473,272.9509805,5.44,272.9509805,74.20865631
12/1/1996,1152.77,883.307489,443.9835531,429.2592247,-0.443044944,271.8056243,6.26,271.8056243,69.97416687
1/1/1997,1152.98,883.7914894,444.1485872,429.2869296,-0.350108526,277.0148445,5.37,277.0148445,74.96829987
2/1/1997,1153.27,884.0040167,444.3803534,430.6889456,-0.486085314,276.9025431,5.5,276.9025431,87.69728088
3/1/1997,1153.57,884.2640592,444.4942747,431.8855389,-0.512973876,272.3120164,7.07,272.3120164,75.01231384
4/1/1997,1153.86,884.2659369,444.5904782,431.6581794,-0.438805545,276.4620162,5.82,276.4620162,75.45429993
5/1/1997,1154.11,884.3320677,444.5541194,432.5522642,-0.436994421,283.3795016,5.58,283.3795016,73.45812225
6/1/1997,1154.30,884.8230687,444.6830746,433.1526748,-0.507748913,287.6945229,6.87,287.6945229,78.48297882
7/1/1997,1154.56,885.7567804,444.7474898,433.6287629,-0.525355934,295.0673457,5.96,295.0673457,73.89485931
8/1/1997,1154.62,886.3696378,444.839941,435.2902894,-0.501201797,291.3708173,5.52,291.3708173,63.80988693
9/1/1997,1155.05,886.3866081,445.0841157,436.1079986,-0.599032508,297.0559605,5.81,297.0559605,61.15956879
10/1/1997,1155.32,886.8897402,445.2287036,436.7036694,-0.472839421,293.5516557,5.56,293.5516557,83.65213776
11/1/1997,1155.59,887.3000159,445.2624884,437.8621017,-0.396018644,296.5467263,5.5,296.5467263,78.39387512
12/1/1997,1155.87,887.8633961,445.2636531,438.3523994,-0.451737375,298.3127175,5.84,298.3127175,88.74446106
1/1/1998,1156.13,887.7882666,445.319547,439.2337749,-0.372028626,298.7619517,5.48,298.7619517,91.04060364
2/1/1998,1156.30,888.4448169,445.2753003,439.2735054,-0.351775123,305.836001,5.57,305.836001,88.81941986
3/1/1998,1156.43,888.8985687,445.3020835,439.094812,-0.401657413,310.8388512,5.88,310.8388512,78.38831329
4/1/1998,1156.67,889.4257453,445.45217,439.58266,-0.476427665,311.9232503,5.59,311.9232503,73.20013428
5/1/1998,1157.00,890.1486415,445.6078355,440.1347694,-0.435377494,309.3147344,5.63,309.3147344,75.85510254
6/1/1998,1157.19,890.8071088,445.5393261,439.372487,-0.421211999,312.4586939,7.06,312.4586939,76.28633881
7/1/1998,1157.26,890.877977,445.7852773,438.8071894,-0.384762137,310.0941189,5.63,310.0941189,88.17699432
8/1/1998,1157.56,891.3380729,445.9323268,441.4045748,-0.037959082,292.9155574,5.89,292.9155574,101.4080353
9/1/1998,1157.74,892.0835306,445.8848777,441.0992433,-0.099602519,299.1029006,6.14,299.1029006,123.9614258
10/1/1998,1157.91,892.4352863,446.1184335,442.072264,0.003167847,306.278441,5.35,306.278441,109.8813019
11/1/1998,1158.13,892.7138913,446.1426828,442.1647057,0.032172133,312.2960565,5.11,312.2960565,92.94629669
12/1/1998,1158.42,893.5212498,446.2719131,442.7571595,-0.10386031,318.4103734,4.07,318.4103734,91.40615082
1/1/1999,1158.53,893.4162538,446.4688985,443.0560395,-0.121979607,322.183845,4.79,322.183845,98.6450119
2/1/1999,1158.85,893.9368569,446.4619933,443.842192,-0.351752023,318.3009156,4.84,318.3009156,82.38356781
3/1/1999,1158.93,894.4318025,446.5459742,443.7816377,-0.2740086,322.0239206,4.98,322.0239206,66.00053406
4/1/1999,1159.21,895.0094462,447.0197756,444.1820876,-0.278457805,326.8176874,5.03,326.8176874,67.5329361
5/1/1999,1159.42,895.4727863,447.0689772,445.112784,-0.280080819,324.7250874,4.61,324.7250874,67.08854675
6/1/1999,1159.62,895.922421,447.0952844,444.7847081,-0.214093823,329.6822019,5.12,329.6822019,73.0111084
7/1/1999,1159.83,896.1446868,447.3613984,445.3336899,-0.149665605,326.5624457,5.07,326.5624457,79.81311035
8/1/1999,1159.97,896.6838489,447.5300652,445.8624712,-0.148102348,325.5587637,5.57,325.5587637,69.55316925
9/1/1999,1160.13,897.1439575,447.8586034,445.5475559,-0.004551092,323.2476674,5.51,323.2476674,69.81623077
10/1/1999,1160.45,897.3030703,447.9913039,447.0558924,-0.040920731,329.2769015,5.27,329.2769015,62.71154404
11/1/1999,1160.68,897.7738481,448.0717457,447.6938018,-0.078822,332.8929869,5.63,332.8929869,82.06383514
12/1/1999,1160.91,899.0378005,448.3318886,448.433302,-0.314254974,340.9364371,3.99,340.9364371,83.80947876
1/1/2000,1161.09,898.715932,448.6487996,448.6742116,-0.12156258,336.8946794,5.87,336.8946794,89.20155334
2/1/2000,1161.19,899.6864933,448.9882784,449.0295462,-0.10455323,340.0270562,5.85,340.0270562,77.60139465
3/1/2000,1161.49,900.2572999,449.4227452,449.6993319,0.15394218,345.2413205,6.17,345.2413205,77.54831696
4/1/2000,1161.69,900.1049182,449.3143053,450.3390511,0.330090166,339.1038634,6.06,339.1038634,76.05922699
5/1/2000,1161.58,900.5621047,449.3746884,450.2045477,0.499671966,335.1292352,6.83,335.1292352,97.98616791
6/1/2000,1161.77,900.7735696,449.6916601,450.3603359,0.552680298,340.1596997,6.86,340.1596997,92.96499634
7/1/2000,1161.94,900.8679409,449.91539,450.343663,0.612193979,338.4342715,6.64,338.4342715,79.44695282
8/1/2000,1161.97,901.3760852,449.8853658,449.758477,0.769595679,345.7509586,6.65,345.7509586,66.5813446
9/1/2000,1162.17,902.1615155,450.313746,450.2969379,0.822412525,340.5106412,6.6,340.5106412,75.1416626
10/1/2000,1162.16,902.1287813,450.4509719,449.9239043,1.258842577,338.0201945,6.59,338.0201945,84.66172028
11/1/2000,1162.34,902.2057079,450.5902184,449.5930754,1.296519449,327.2068254,6.62,327.2068254,125.0674973
12/1/2000,1162.43,902.7262129,450.7270657,448.9843095,1.36902215,329.2265078,5.41,329.2265078,115.268692
1/1/2001,1162.37,902.6851334,451.1869985,448.3453868,0.916107743,333.100406,5.74,333.100406,111.416008
2/1/2001,1162.37,902.7863603,451.331802,447.8670382,0.941935402,322.6462442,5.59,322.6462442,110.9178467
3/1/2001,1162.31,902.6577377,451.3416674,447.5999648,0.978914379,315.3612463,5.29,315.3612463,116.0269165
4/1/2001,1162.01,902.7080775,451.5256419,447.2789614,0.775352056,323.4115354,4.67,323.4115354,122.6733704
5/1/2001,1161.94,903.1204137,451.7976974,446.4304699,0.68833877,324.463573,4.24,324.463573,100.4290009
6/1/2001,1161.73,903.1149111,451.965587,445.6914516,0.97785414,322.7017415,3.95,322.7017415,86.39026642
7/1/2001,1161.58,903.2939489,451.9045688,445.2626964,0.56596028,320.8551006,3.82,320.8551006,102.1318359
8/1/2001,1161.41,903.8362732,451.8827676,444.7181684,0.611756199,314.7759599,3.66,314.7759599,84.28910828
9/1/2001,1161.16,902.8170804,451.554084,444.5073447,1.002258736,305.1770281,2.75,305.1770281,188.0594177
10/1/2001,1160.84,905.1705654,451.9100184,443.8721649,0.868890786,307.9225309,2.66,307.9225309,173.1432648
11/1/2001,1160.52,904.6639568,451.8413322,443.6027372,-0.433539451,315.5050752,2.06,315.5050752,130.5755768
12/1/2001,1160.34,904.5023414,451.7540436,443.8786458,0.356235361,317.275176,1.52,317.275176,117.2365494
1/1/2002,1160.19,904.8462413,451.8533284,444.4397253,0.498346792,315.6638344,1.85,315.6638344,116.8374023
2/1/2002,1160.05,905.2389815,452.0243906,444.4252384,0.711621453,313.4700356,1.83,313.4700356,87.60064697
3/1/2002,1159.99,905.2133309,452.3211477,445.2188021,0.261788383,317.8415301,1.74,317.8415301,83.44039917
4/1/2002,1159.91,905.7142571,452.7576145,445.4191372,0.383140334,312.7509784,1.82,312.7509784,88.56606293
5/1/2002,1159.84,905.3329773,452.8256744,446.1188735,0.413075492,311.6930349,1.79,311.6930349,86.29883575
6/1/2002,1159.85,905.8377298,452.9476342,447.3363508,0.752321729,304.4092276,1.73,304.4092276,93.61019135
7/1/2002,1159.77,906.4168278,453.1642046,446.8285644,1.172707444,295.9475688,1.76,295.9475688,110.3051376
8/1/2002,1159.72,906.5411705,453.3523797,447.1997107,1.197651656,296.740869,1.81,296.740869,116.0148087
9/1/2002,1159.70,906.0464708,453.5273335,447.2886484,1.315853999,286.2086596,1.85,286.2086596,124.043129
10/1/2002,1159.81,906.3484024,453.7180383,446.8828536,1.119379491,293.4337599,1.82,293.4337599,111.8859482
11/1/2002,1159.79,906.6244803,453.8260857,447.4117995,0.788347314,299.380837,1.23,299.380837,123.2843399
12/1/2002,1159.64,907.2823907,453.9094484,446.8797828,0.670058209,293.9018675,1.16,293.9018675,122.2216034
1/1/2003,1159.68,907.427205,454.1729728,447.457531,0.595545842,291.5348658,1.33,291.5348658,138.9533386
2/1/2003,1159.54,906.9221409,454.5897775,447.6900037,0.403879976,289.983888,1.33,289.983888,126.7276917
3/1/2003,1159.36,907.3932847,454.8377588,447.9010313,-0.145244527,291.0111338,1.38,291.0111338,163.5237274
4/1/2003,1159.32,908.0281799,454.6640244,447.0120406,-0.130782742,298.9626678,1.31,298.9626678,135.6275024
5/1/2003,1159.34,908.2336531,454.5229081,447.0438308,-0.843509518,305.116454,1.28,305.116454,102.6197815
6/1/2003,1159.30,908.8309452,454.6385745,447.4998951,-0.552160845,306.7367962,1.45,306.7367962,95.82727051
7/1/2003,1159.29,909.3243476,454.91711,447.5766876,-1.32923628,309.021714,1.04,309.021714,91.74149323
8/1/2003,1159.32,910.2242781,455.2602396,447.2757571,-0.224080446,311.4876689,1.01,311.4876689,95.67182159
9/1/2003,1159.47,909.8750494,455.5780342,448.1142862,-0.6907383,310.5722591,1.17,310.5722591,106.1157532
10/1/2003,1159.60,910.0878122,455.5580702,448.0128142,-0.542523353,316.4291869,1.03,316.4291869,88.0437851
11/1/2003,1159.63,910.7316014,455.6672979,449.0340715,-0.540141535,318.074924,1.01,318.074924,84.91825104
12/1/2003,1159.73,910.8154811,455.9084362,448.788204,-0.492341786,322.5270783,0.94,322.5270783,91.73698425
1/1/2004,1159.89,911.2983299,456.3013968,448.8447256,-0.710969408,324.8057678,1.03,324.8057678,96.56645966
2/1/2004,1159.91,911.477726,456.5534987,449.5038509,-0.284408165,326.3397992,1.04,326.3397992,99.45730591
3/1/2004,1160.19,911.9113942,456.7468319,449.3056318,-0.531566758,325.2646734,1.05,325.2646734,96.78947449
4/1/2004,1160.39,911.9458971,456.9118048,449.6826103,-0.743825159,322.8117138,1.03,322.8117138,94.11529541
5/1/2004,1160.67,912.498181,457.2760624,450.4113127,-0.326066824,324.2143783,1.02,324.2143783,92.32115936
6/1/2004,1160.75,912.0863048,457.6163531,449.6185941,-0.335006425,326.3496649,1.38,326.3496649,85.34597015
7/1/2004,1160.78,912.745212,457.7706487,450.4858608,-0.306718102,322.5101645,1.29,322.5101645,87.54417419
8/1/2004,1160.87,912.9366731,457.8507885,451.0763633,-0.459919421,322.7811391,1.55,322.7811391,85.92585754
9/1/2004,1161.01,913.6825147,458.026255,451.1068725,-0.597738172,324.8149649,1.94,324.8149649,100.0118637
10/1/2004,1161.30,913.8465136,458.4242726,452.265565,-0.573462071,326.5798135,1.79,326.5798135,105.695076
11/1/2004,1161.32,913.9837432,458.7830723,452.1705496,-0.70161393,331.2882454,2.02,331.2882454,95.24084473
12/1/2004,1161.44,914.6107937,458.8430862,452.8405382,-0.853438206,334.7456562,1.97,334.7456562,77.59643555
1/1/2005,1161.52,914.6393676,458.9701155,453.5359499,-0.805789766,332.0541571,2.5,332.0541571,73.91847992
2/1/2005,1161.73,914.9785373,459.2682539,454.3761325,-1.093031837,334.2960019,2.52,334.2960019,58.95005035
3/1/2005,1161.85,915.2245049,459.5836765,453.9524456,-0.732388282,332.5880196,2.96,332.5880196,57.55796432
4/1/2005,1162.16,915.9929846,459.8910636,454.2062878,-0.533818956,330.037198,2.97,330.037198,74.56597137
5/1/2005,1162.29,915.4737806,459.8578509,454.5749106,-0.384164194,333.7624508,3.09,333.7624508,70.50809479
6/1/2005,1162.53,916.4923462,459.9131993,454.8342716,-0.562294013,334.9092538,3.35,334.9092538,74.56130219
7/1/2005,1162.78,917.1121259,460.3448705,454.7140404,-0.652852383,339.150725,3.31,339.150725,68.71643066
8/1/2005,1162.94,916.7417213,460.7996189,454.9885148,-0.717961426,338.5543602,3.63,338.5543602,64.39585876
9/1/2005,1163.01,916.3412273,461.8708133,453.9059579,-0.552920859,339.6053024,3.93,339.6053024,91.40602875
10/1/2005,1163.10,916.6040462,462.0590677,455.4284447,-0.452774879,337.5032809,4.02,337.5032809,76.16368103
11/1/2005,1163.37,917.1446725,461.7997562,456.2323815,-0.38411382,341.4623569,4.03,341.4623569,72.21599579
12/1/2005,1163.49,917.5686813,461.7780343,456.3070342,-0.391185345,341.8072457,4.09,341.8072457,78.04893494
1/1/2006,1163.76,917.9464583,462.2184616,457.1145548,-0.453557986,345.732517,4.47,345.732517,79.175354
2/1/2006,1164.02,918.2585751,462.2577791,456.921188,-0.344735858,345.5683954,4.52,345.5683954,72.69300079
3/1/2006,1164.24,918.458965,462.4080258,456.7893432,-0.513190553,347.4559279,5,347.4559279,64.22933197
4/1/2006,1164.38,918.6475866,462.8046516,457.3429136,-0.527212669,348.7438011,4.86,348.7438011,79.76152039
5/1/2006,1164.40,918.7565993,463.0535743,456.9653587,-0.398226286,345.5899613,5.05,345.5899613,70.83730316
6/1/2006,1164.47,918.8474037,463.2405904,457.3526092,-0.446155931,345.5493057,5.05,345.5493057,79.49536896
7/1/2006,1164.61,919.3393583,463.5602393,457.2258058,-0.374687712,345.3589573,5.31,345.3589573,80.56334686
8/1/2006,1164.73,919.1098427,463.9465327,457.719267,-0.417359112,347.8342447,5.31,347.8342447,72.77061462
9/1/2006,1164.81,919.6120751,463.7434064,457.8445527,-0.517069101,349.7580425,5.34,349.7580425,67.06819153
10/1/2006,1164.82,920.0550608,463.5136672,457.4113449,-0.533569725,353.4032617,5.31,353.4032617,63.46512604
11/1/2006,1164.99,920.2084385,463.6407191,457.4813884,-0.518026513,355.7460654,5.31,355.7460654,62.51986694
12/1/2006,1165.13,920.7057991,464.0295988,459.0778527,-0.65719985,356.8235081,5.17,356.8235081,63.37042236
1/1/2007,1165.33,920.8370433,464.3246013,458.5804838,-0.674213521,358.7476306,5.33,358.7476306,79.01967621
2/1/2007,1165.37,920.9014493,464.6849413,459.021446,-0.729284874,357.3420788,5.41,357.3420788,57.20262909
3/1/2007,1165.52,920.9772211,465.0745665,459.8311565,-0.479876422,358.6286706,5.3,358.6286706,69.88728333
4/1/2007,1165.56,921.164552,465.2997982,460.5455637,-0.47933704,362.533552,5.29,362.533552,62.50171661
5/1/2007,1165.67,921.2949964,465.5901322,460.4999547,-0.73451659,366.3529023,5.28,366.3529023,74.68186951
6/1/2007,1165.73,921.2540949,465.7487456,460.8439064,-0.493696885,364.8663476,5.31,364.8663476,73.29654694
7/1/2007,1165.73,921.4190949,465.9194248,461.02657,-0.079589015,361.6392804,5.28,361.6392804,59.32398605
8/1/2007,1165.66,921.7468904,465.991402,460.6600697,0.087162403,362.7985469,4.96,362.7985469,89.10404205
9/1/2007,1165.68,921.7337833,466.379752,461.234686,0.003204764,366.8032725,4.58,366.8032725,100.7443619
10/1/2007,1165.74,921.6306539,466.6594488,460.902527,-0.076513073,369.3539816,4.6,369.3539816,89.45451355
11/1/2007,1165.80,921.8813374,467.2043479,461.4242057,0.222436402,364.3065249,4.66,364.3065249,102.4417953
12/1/2007,1165.85,921.8168651,467.514391,461.586414,0.393950171,363.8636926,3.06,363.8636926,108.5444641
1/1/2008,1165.85,921.7132255,467.8104613,461.1389071,0.686201511,357.4470591,3.22,357.4470591,144.9853821
2/1/2008,1165.75,921.4067418,468.0342591,460.5337893,0.858149103,355.2580062,3.01,355.2580062,108.1053696
3/1/2008,1165.66,921.5991375,468.3833481,460.2428094,1.099213441,354.2104899,2.51,354.2104899,111.7130356
4/1/2008,1165.47,921.7659522,468.7017418,459.1043317,0.598787152,359.1946929,2.37,359.1946929,102.1976013
5/1/2008,1165.28,921.8193456,469.1136851,458.6796141,0.63261266,361.5509977,1.98,361.5509977,94.28404236
6/1/2008,1165.10,921.6989219,469.7293475,458.1233836,0.709774693,353.3829561,2.47,353.3829561,94.55675507
7/1/2008,1164.87,921.2185668,470.2614451,457.0069775,1.061136888,352.0409595,2.09,352.0409595,109.7889633
8/1/2008,1164.63,921.1767353,470.1779522,455.6402046,1.156960775,353.091776,1.94,353.091776,95.87078094
9/1/2008,1164.25,920.5170029,470.2977246,452.0331011,1.497415472,342.7771026,2.03,342.7771026,187.7402344
10/1/2008,1163.83,920.0996857,469.7840521,451.47912,2.963763235,322.3691349,0.22,322.3691349,189.9172363
11/1/2008,1163.13,919.8998293,468.5781962,449.1797572,2.0017836,313.5281467,0.52,313.5281467,148.8425598
12/1/2008,1162.51,919.3635621,468.0713556,445.6758783,2.247987447,315.7188496,0.14,315.7188496,145.9946899
1/1/2009,1161.77,919.7977263,468.1640366,442.7113357,2.18411992,307.6702874,0.23,307.6702874,171.9461975
2/1/2009,1161.15,919.4098179,468.3870455,442.5858157,2.610637125,297.1138005,0.22,297.1138005,187.1139832
3/1/2009,1160.41,919.1652843,468.2640357,440.7548358,2.147318927,305.4276739,0.16,305.4276739,166.9033508
4/1/2009,1159.66,919.0009085,468.3778019,440.0118865,1.936058307,315.805884,0.2,315.805884,131.8561249
5/1/2009,1159.39,919.0862912,468.4960554,438.903615,0.991125075,322.3649051,0.19,322.3649051,138.804657
6/1/2009,1158.98,919.0013167,469.1393753,438.6180896,0.639119915,322.0546626,0.22,322.0546626,130.9322968
7/1/2009,1158.72,919.3309161,469.1595558,439.8853595,0.083384599,329.9096802,0.18,329.9096802,126.2809753
8/1/2009,1158.51,920.3383227,469.466348,441.0331464,-0.223650487,333.0070709,0.15,333.0070709,152.5500793
9/1/2009,1158.36,919.2811637,469.6444962,441.7948579,-0.136670952,337.4312469,0.07,337.4312469,145.4443665
10/1/2009,1158.15,919.5017575,469.9889282,441.9145256,-0.34109483,334.5914805,0.11,334.5914805,138.1305542
11/1/2009,1158.11,919.4919073,470.2296897,443.0658357,-0.141533278,340.1442885,0.13,340.1442885,116.162056
12/1/2009,1157.96,919.9968772,470.311326,443.0986622,-0.568553347,342.9465907,0.05,342.9465907,121.2207565
1/1/2010,1157.94,919.8384181,470.5332213,444.1759958,-0.223879312,339.1661833,0.12,339.1661833,149.3590088
2/1/2010,1157.92,920.1134124,470.5929131,444.2433316,0.042468531,342.5845642,0.13,342.5845642,132.7995453
3/1/2010,1158.02,920.6009005,470.7645544,445.5750581,-0.091019048,348.7509667,0.09,348.7509667,137.4709167
4/1/2010,1158.18,920.7345893,470.77358,446.5522134,-0.223981828,350.7323382,0.2,350.7323382,137.0782928
5/1/2010,1158.28,921.0066334,470.7636518,448.0274587,-0.172161754,342.4875511,0.19,342.4875511,151.1046753
6/1/2010,1158.36,921.2191657,470.7817023,448.0401529,-0.031791625,337.282316,0.09,337.282316,140.5704193
7/1/2010,1158.46,921.312549,470.9350005,448.774256,0.177798271,344.075579,0.18,344.075579,180.0157013
8/1/2010,1158.58,921.7878886,471.1051566,448.9050792,-0.476414535,339.699425,0.21,339.699425,147.3090363
9/1/2010,1158.68,921.9060243,471.2337069,449.0159731,-0.073797094,348.4563271,0.15,348.4563271,182.1466217
10/1/2010,1158.86,922.4211718,471.4741822,449.0931054,-0.022729085,352.2371998,0.2,352.2371998,163.4248199
11/1/2010,1159.00,922.8109561,471.5897276,449.266289,-0.144224376,352.7523557,0.2,352.7523557,179.1355286
12/1/2010,1159.11,922.8967799,471.816846,449.857636,-0.399171345,359.2517087,0.13,359.2517087,165.4078064
1/1/2011,1159.18,922.992827,472.0666164,450.0571686,0.088207008,361.1494825,0.17,361.1494825,142.1704407
2/1/2011,1159.41,923.1622297,472.3957162,450.0811091,-0.212241533,364.8949007,0.16,364.8949007,145.5088959
3/1/2011,1159.61,923.5129565,472.7945185,450.7868388,-0.246793675,365.2317007,0.1,365.2317007,174.3543396
4/1/2011,1159.89,923.551872,473.1141826,450.0131177,-0.211224717,368.0601493,0.09,368.0601493,157.4958801
5/1/2011,1160.06,923.5299291,473.3440262,450.3066197,-0.077310572,366.555565,0.1,366.555565,126.1920624
6/1/2011,1160.22,923.6893691,473.4337068,450.4094287,0.088093761,364.6989175,0.07,364.6989175,158.0885925
7/1/2011,1160.41,924.0084594,473.6654485,451.1249303,-0.011757922,362.4263052,0.11,362.4263052,197.9162903
8/1/2011,1160.52,924.0095271,473.9027775,451.4717164,-0.235567596,356.5073867,0.08,356.5073867,245.126297
9/1/2011,1160.76,924.298954,474.0609757,451.8361217,0.302759169,347.6381671,0.06,347.6381671,204.6294098
10/1/2011,1160.92,924.687768,474.061849,452.4435981,-0.293859169,358.4324539,0.09,358.4324539,159.7392273
11/1/2011,1161.10,924.7148562,474.1421626,452.4338198,0.394526346,357.8079175,0.1,357.8079175,166.338974
12/1/2011,1161.32,924.6876716,474.2110761,453.4641378,0.120357619,358.1774524,0.04,358.1774524,189.3983154
1/1/2012,1161.61,925.047509,474.4619036,454.531509,0.038168558,363.4439922,0.11,363.4439922,178.7522125
2/1/2012,1161.85,925.5939737,474.7840937,455.1686994,-0.113986103,367.4800092,0.1,367.4800092,149.9012909
3/1/2012,1162.04,925.6010436,475.0153257,454.6790378,-0.52967692,369.8509382,0.09,369.8509382,137.2162018
4/1/2012,1162.15,925.9039103,475.0291653,455.3291069,-0.36114395,369.1684827,0.16,369.1684827,135.0549011
5/1/2012,1162.28,925.8926706,474.828303,455.1051337,-0.346943482,362.3909489,0.16,362.3909489,157.0246735
6/1/2012,1162.35,925.8523685,474.9123333,455.5138292,-0.060922436,366.1355435,0.09,366.1355435,187.9511566
7/1/2012,1162.51,926.2283655,474.9755261,455.7661811,-0.268754201,367.1569266,0.13,367.1569266,183.5572968
8/1/2012,1162.63,926.1341424,475.3279798,455.0715538,-0.46722161,369.7495449,0.13,369.7495449,159.2330322
9/1/2012,1162.73,926.5450523,475.647396,455.1763292,-0.342891245,372.3688049,0.09,372.3688049,180.4823151
10/1/2012,1162.93,926.4692184,475.8045768,454.7462215,-0.305917885,370.9487821,0.18,370.9487821,173.0475464
11/1/2012,1163.15,926.7989277,475.6671645,456.1482115,-0.23861336,371.5660138,0.16,371.5660138,196.5724792
12/1/2012,1163.35,926.8838499,475.6688834,457.0108915,-0.349994456,372.8115764,0.09,372.8115764,201.8958588
1/1/2013,,,,,,,,,
2/1/2013,,,,,,,,,
3/1/2013,,,,,,,,,
4/1/2013,,,,,,,,,
5/1/2013,,,,,,,,,
6/1/2013,,,,,,,,,
7/1/2013,,,,,,,,,
8/1/2013,,,,,,,,,
9/1/2013,,,,,,,,,
10/1/2013,,,,,,,,,
11/1/2013,,,,,,,,,
12/1/2013,,,,,,,,,
1/1/2014,,,,,,,,,
2/1/2014,,,,,,,,,
3/1/2014,,,,,,,,,
4/1/2014,,,,,,,,,
